<?xml version="1.0" encoding="UTF-8"?>
<!-- Generated by eXe - http://exelearning.net -->
<manifest identifier="eXeNoName65f96cbc285fb50dbd1" xmlns="http://www.imsproject.org/xsd/imscp_rootv1p1p2" xmlns:adlcp="http://www.adlnet.org/xsd/adlcp_rootv1p2" xmlns:imsmd="http://www.imsglobal.org/xsd/imsmd_v1p2" xmlns:xsi="http://www.w3.org/2001/XMLSchema-instance" xsi:schemaLocation="http://www.imsproject.org/xsd/imscp_rootv1p1p2 imscp_rootv1p1p2.xsd http://www.imsglobal.org/xsd/imsmd_rootv1p2p1 imsmd_rootv1p2p1.xsd http://www.adlnet.org/xsd/adlcp_rootv1p2 adlcp_rootv1p2.xsd" > 
<metadata> 
 <schema>ADL SCORM</schema> 
 <schemaversion>1.2</schemaversion> 
 <adlcp:location>imslrm.xml</adlcp:location> 
</metadata> 
<organizations default="eXeNoName65f96cbc285fb50dbd2">  
    <organization identifier="eXeNoName65f96cbc285fb50dbd2" structure="hierarchical">
        <title>Inicio</title>
<item identifier="ITEM-eXeNoName65f96cbc285fb50dbd3" isvisible="true" identifierref="RES-eXeNoName65f96cbc285fb50dbd4">
    <title>Inicio</title>
<item identifier="ITEM-eXeNoName65f96cbc285fb50dbd5" isvisible="true" identifierref="RES-eXeNoName65f96cbc285fb50dbd6">
    <title>Recorrido</title>
</item>
<item identifier="ITEM-eXeNoName65f96cbc285fb50dbf7" isvisible="true" identifierref="RES-eXeNoName65f96cbc285fb50dbf8">
    <title>El conflicto</title>
</item>
<item identifier="ITEM-eXeNoName65f96cbc285fb50dbf9" isvisible="true" identifierref="RES-eXeNoName65f96cbc285fb50dbfa">
    <title>Funciones del conflicto</title>
</item>
<item identifier="ITEM-eXeNoName65f96cbc285fb50dbfb" isvisible="true" identifierref="RES-eXeNoName65f96cbc285fb50dbfc">
    <title>Formas de abordaje</title>
</item>
</item>
  </organization>
</organizations>
<resources>
  <resource identifier="RES-eXeNoName65f96cbc285fb50dbd4" type="webcontent" adlcp:scormtype="sco" href="index.html"> 
    <file href="index.html"/> 
    <file href="exe_html5.js"/>
    <file href="Colorful_Minimalist_Personal_LinkedIn_Banner_page-0001.jpg"/>
    <dependency identifierref="COMMON_FILES"/>
  </resource>
  <resource identifier="RES-eXeNoName65f96cbc285fb50dbd6" type="webcontent" adlcp:scormtype="sco" href="recorrido.html"> 
    <file href="recorrido.html"/> 
    <file href="exe_html5.js"/>
    <file href="arrow_entrance_in_internet_log_login_security_icon_127060.png"/>
    <file href="3440906-direction-location-map-marker-navigation-pin_107531.png"/>
    <dependency identifierref="COMMON_FILES"/>
  </resource>
  <resource identifier="RES-eXeNoName65f96cbc285fb50dbf8" type="webcontent" adlcp:scormtype="sco" href="el_conflicto.html"> 
    <file href="el_conflicto.html"/> 
    <file href="exe_html5.js"/>
    <file href="people_group_icon_188185.png"/>
    <file href="4230560-business-discussion-meeting_114992.png"/>
    <file href="group_icon-icons.com_69369.png"/>
    <file href="profile_confused_head_icon_151676.png"/>
    <file href="team_people_icon_205836.png"/>
    <file href="chat_conversation_bubbles_messages_dialogue_icon_225186.png"/>
    <file href="exe_effects.css"/>
    <file href="exe_effects.js"/>
    <dependency identifierref="COMMON_FILES"/>
  </resource>
  <resource identifier="RES-eXeNoName65f96cbc285fb50dbfa" type="webcontent" adlcp:scormtype="sco" href="funciones_del_conflicto.html"> 
    <file href="funciones_del_conflicto.html"/> 
    <file href="exe_html5.js"/>
    <file href="Screenshot_2024-12-12-18-17-17-209_com.instagram.android.jpg"/>
    <file href="exe_effects.css"/>
    <file href="exe_effects.js"/>
    <dependency identifierref="COMMON_FILES"/>
  </resource>
  <resource identifier="RES-eXeNoName65f96cbc285fb50dbfc" type="webcontent" adlcp:scormtype="sco" href="formas_de_abordaje.html"> 
    <file href="formas_de_abordaje.html"/> 
    <file href="exe_html5.js"/>
    <file href="Design.png"/>
    <file href="udl-character-1.gif"/>
    <file href="udl-character-2.gif"/>
    <file href="udl-character-3.gif"/>
    <file href="udl-character-4.gif"/>
    <file href="udl-content.css"/>
    <file href="udl-content.js"/>
    <file href="udl-icons-sm.png"/>
    <file href="udl-icons.png"/>
    <dependency identifierref="COMMON_FILES"/>
  </resource>
  <resource identifier="COMMON_FILES" type="webcontent" adlcp:scormtype="asset">
    <file href="config.xml"/>
    <file href="content.css"/>
    <file href="EncodeSans-Light_latin-ext.woff2"/>
    <file href="EncodeSans-Light_latin.woff2"/>
    <file href="EncodeSans-Light_vietnamese.woff2"/>
    <file href="icon_atom.png"/>
    <file href="icon_award.png"/>
    <file href="icon_beach.png"/>
    <file href="icon_bulb.png"/>
    <file href="icon_camera.png"/>
    <file href="icon_classroom.png"/>
    <file href="icon_compass.png"/>
    <file href="icon_edia.png"/>
    <file href="icon_etwinning.png"/>
    <file href="icon_exe.png"/>
    <file href="icon_footprints.png"/>
    <file href="icon_free_license.png"/>
    <file href="icon_gears.png"/>
    <file href="icon_knowledge.png"/>
    <file href="icon_list.png"/>
    <file href="icon_microphone.png"/>
    <file href="icon_network.png"/>
    <file href="icon_plus.png"/>
    <file href="icon_presentation.png"/>
    <file href="icon_puzzle.png"/>
    <file href="icon_share.png"/>
    <file href="icon_stars.png"/>
    <file href="icon_talk.png"/>
    <file href="icon_teacher_screen.png"/>
    <file href="icon_telescope.png"/>
    <file href="icon_think.png"/>
    <file href="icon_tree.png"/>
    <file href="icon_write.png"/>
    <file href="nav.css"/>
    <file href="_intef_bg.png"/>
    <file href="_intef_footer.png"/>
    <file href="_intef_header.png"/>
    <file href="_intef_icons.png"/>
    <file href="_intef_js.js"/>
    <file href="_intef_left_column.gif"/>
    <file href="_intef_licenses.gif"/>
    <file href="_intef_menu.gif"/>
    <file href="_intef_print.png"/>
    <file href="_intef_title_bg.png"/>
    <file href="base.css"/>
    <file href="popup_bg.gif"/>
    <file href="exe_powered_logo.png"/>
    <file href="SCORM_API_wrapper.js"/>
    <file href="SCOFunctions.js"/>
    <file href="common.js"/>
    <file href="common_i18n.js"/>
    <file href="exe_jquery.js"/>
    <file href="content.xsd"/>
    <file href="content.data"/>
    <file href="contentv3.xml"/>
    <file href="imslrm.xml"/>
  </resource>
</resources>
</manifest>
